medicine,description_url,company,company_url,price
KETA,//www.medicineindia.org/medicine-brand-details/17104/keta,Samarth Pharma Pvt. Ltd.,//www.medicineindia.org/medicine-manufacturing-company/57/samarth-pharma-pvt-ltd,210.00
K-TRON INJ,//www.medicineindia.org/medicine-brand-details/10145/k-tron-inj,Karnataka Antibiotics & Pharmaceuticals Ltd.,//www.medicineindia.org/medicine-manufacturing-company/228/karnataka-antibiotics-pharmaceuticals-ltd,18.00
KP-PLEGIA,//www.medicineindia.org/medicine-brand-details/8788/kp-plegia,VHB Life Sciences,//www.medicineindia.org/medicine-manufacturing-company/12/vhb-life-sciences,340.00
KLOT,//www.medicineindia.org/medicine-brand-details/8458/klot,Skymax Laboratories Pvt. Ltd.,//www.medicineindia.org/medicine-manufacturing-company/385/skymax-laboratories-pvt-ltd,20.00
KARDIA,//www.medicineindia.org/medicine-brand-details/451/kardia,Panacea Biotec Ltd.,//www.medicineindia.org/medicine-manufacturing-company/5/panacea-biotec-ltd,290.00
KETLAC,//www.medicineindia.org/medicine-brand-details/1445/ketlac,Neon Laboratories Ltd.,//www.medicineindia.org/medicine-manufacturing-company/50/neon-laboratories-ltd,12.90
KETLAC,//www.medicineindia.org/medicine-brand-details/1445/ketlac,Neon Laboratories Ltd.,//www.medicineindia.org/medicine-manufacturing-company/50/neon-laboratories-ltd,18.00
KWINIL INJ.,//www.medicineindia.org/medicine-brand-details/6858/kwinil-inj,Intas Pharmaceuticals Pvt. Ltd.,//www.medicineindia.org/medicine-manufacturing-company/17/intas-pharmaceuticals-pvt-ltd,14.75
KUCIL,//www.medicineindia.org/medicine-brand-details/16948/kucil,Khandelwal Laboratories Ltd.,//www.medicineindia.org/medicine-manufacturing-company/98/khandelwal-laboratories-ltd,22.00
KETMIN,//www.medicineindia.org/medicine-brand-details/17111/ketmin,Themis Pharmaceuticals Ltd.,//www.medicineindia.org/medicine-manufacturing-company/205/themis-pharmaceuticals-ltd,21.31
KETAJEX,//www.medicineindia.org/medicine-brand-details/17105/ketajex,Claris Life Sciences,//www.medicineindia.org/medicine-manufacturing-company/41/claris-life-sciences,21.50
KUCIL,//www.medicineindia.org/medicine-brand-details/16948/kucil,Khandelwal Laboratories Ltd.,//www.medicineindia.org/medicine-manufacturing-company/98/khandelwal-laboratories-ltd,13.00
KEENURON,//www.medicineindia.org/medicine-brand-details/21845/keenuron,Kee Pharma Ltd.,//www.medicineindia.org/medicine-manufacturing-company/335/kee-pharma-ltd,0.00
KOOL IT,//www.medicineindia.org/medicine-brand-details/21880/kool-it,Alembic Ltd.,//www.medicineindia.org/medicine-manufacturing-company/52/alembic-ltd,0.00
KATADOL,//www.medicineindia.org/medicine-brand-details/21888/katadol,Lupin Laboratories Ltd.,//www.medicineindia.org/medicine-manufacturing-company/95/lupin-laboratories-ltd,0.00
K GLIM-M,//www.medicineindia.org/medicine-brand-details/21830/k-glim-m,Blue Cross Laboratories Ltd.,//www.medicineindia.org/medicine-manufacturing-company/67/blue-cross-laboratories-ltd,22.00
K GLIM-M,//www.medicineindia.org/medicine-brand-details/21830/k-glim-m,Blue Cross Laboratories Ltd.,//www.medicineindia.org/medicine-manufacturing-company/67/blue-cross-laboratories-ltd,26.00
KAMOZYME EP,//www.medicineindia.org/medicine-brand-details/14316/kamozyme-ep,Kamron Laboratories Limited,//www.medicineindia.org/medicine-manufacturing-company/295/kamron-laboratories-limited,32.00
KEXID-D,//www.medicineindia.org/medicine-brand-details/12669/kexid-d,CADEX,//www.medicineindia.org/medicine-manufacturing-company/450/cadex,35.00
KLOXAMP,//www.medicineindia.org/medicine-brand-details/3168/kloxamp,Karnataka Antibiotics & Pharmaceuticals Ltd.,//www.medicineindia.org/medicine-manufacturing-company/228/karnataka-antibiotics-pharmaceuticals-ltd,43.65
KINETONE PLUS,//www.medicineindia.org/medicine-brand-details/22622/kinetone-plus,Abbott India-Lenbrook,//www.medicineindia.org/medicine-manufacturing-company/969/abbott-india-lenbrook,44.00
KURFER,//www.medicineindia.org/medicine-brand-details/21883/kurfer,Kurit Pharma Pvt.Ltd.,//www.medicineindia.org/medicine-manufacturing-company/963/kurit-pharma-pvtltd,45.00
KLEXI,//www.medicineindia.org/medicine-brand-details/3484/klexi,Zee Laboratories,//www.medicineindia.org/medicine-manufacturing-company/110/zee-laboratories,48.00
KEENURON FORTE,//www.medicineindia.org/medicine-brand-details/21863/keenuron-forte,Kee Pharma Ltd.,//www.medicineindia.org/medicine-manufacturing-company/335/kee-pharma-ltd,69.00
KURAGE CAPSULE,//www.medicineindia.org/medicine-brand-details/22621/kurage-capsule,Kurit Pharma Pvt.Ltd.,//www.medicineindia.org/medicine-manufacturing-company/963/kurit-pharma-pvtltd,70.00
KONDRO CAP.,//www.medicineindia.org/medicine-brand-details/11377/kondro-cap,Panacea Biotec Ltd.,//www.medicineindia.org/medicine-manufacturing-company/5/panacea-biotec-ltd,73.63
KEE 7,//www.medicineindia.org/medicine-brand-details/22936/kee-7,Kee Pharma Ltd.,//www.medicineindia.org/medicine-manufacturing-company/335/kee-pharma-ltd,80.00
KURAGE-LP,//www.medicineindia.org/medicine-brand-details/21882/kurage-lp,Kurit Pharma Pvt.Ltd.,//www.medicineindia.org/medicine-manufacturing-company/963/kurit-pharma-pvtltd,85.00
KINETONE AX,//www.medicineindia.org/medicine-brand-details/21868/kinetone-ax,Abbott Laboratories (India) Pvt. Ltd.,//www.medicineindia.org/medicine-manufacturing-company/309/abbott-laboratories-india-pvt-ltd,0.00
KECIDOX,//www.medicineindia.org/medicine-brand-details/5925/kecidox,Kentreck Labs Pvt. Ltd.,//www.medicineindia.org/medicine-manufacturing-company/76/kentreck-labs-pvt-ltd,16.00
KAIZEM CD,//www.medicineindia.org/medicine-brand-details/7747/kaizem-cd,Wockhardt Ltd.,//www.medicineindia.org/medicine-manufacturing-company/13/wockhardt-ltd,59.00
KAIZEM CD,//www.medicineindia.org/medicine-brand-details/7747/kaizem-cd,Wockhardt Ltd.,//www.medicineindia.org/medicine-manufacturing-company/13/wockhardt-ltd,62.00
KEXID-20,//www.medicineindia.org/medicine-brand-details/12525/kexid-20,CADEX,//www.medicineindia.org/medicine-manufacturing-company/450/cadex,35.00
KLOX-D,//www.medicineindia.org/medicine-brand-details/21874/klox-d,Lyka Hetro Labs. Ltd.,//www.medicineindia.org/medicine-manufacturing-company/84/lyka-hetro-labs-ltd,30.00
KUROMOX,//www.medicineindia.org/medicine-brand-details/3253/kuromox,MEDICINE & KURE,//www.medicineindia.org/medicine-manufacturing-company/290/medicine-kure,32.00
KEFLEX,//www.medicineindia.org/medicine-brand-details/3673/keflex,Eli Lilly and Company (India) Pvt. Ltd.,//www.medicineindia.org/medicine-manufacturing-company/127/eli-lilly-and-company-india-pvt-ltd,63.00
KEFLOR,//www.medicineindia.org/medicine-brand-details/4012/keflor,Ranbaxy Laboratories Limited,//www.medicineindia.org/medicine-manufacturing-company/132/ranbaxy-laboratories-limited,245.65
KLOX,//www.medicineindia.org/medicine-brand-details/3087/klox,Lyka Hetro Labs. Ltd.,//www.medicineindia.org/medicine-manufacturing-company/84/lyka-hetro-labs-ltd,29.00
KAIZEM CD,//www.medicineindia.org/medicine-brand-details/7747/kaizem-cd,Wockhardt Ltd.,//www.medicineindia.org/medicine-manufacturing-company/13/wockhardt-ltd,15.00
KEFNIR,//www.medicineindia.org/medicine-brand-details/4320/kefnir,Glenmark Pharmaceuticals Ltd.,//www.medicineindia.org/medicine-manufacturing-company/166/glenmark-pharmaceuticals-ltd,180.00
KEFLEX BD,//www.medicineindia.org/medicine-brand-details/3674/keflex-bd,Eli Lilly and Company (India) Pvt. Ltd.,//www.medicineindia.org/medicine-manufacturing-company/127/eli-lilly-and-company-india-pvt-ltd,102.05
KEFOXIN,//www.medicineindia.org/medicine-brand-details/18402/kefoxin,Ranbaxy Laboratories Limited,//www.medicineindia.org/medicine-manufacturing-company/132/ranbaxy-laboratories-limited,35.58
KEFLOXIN,//www.medicineindia.org/medicine-brand-details/3821/kefloxin,Solus,//www.medicineindia.org/medicine-manufacturing-company/522/solus,35.58
KLOX-D,//www.medicineindia.org/medicine-brand-details/21874/klox-d,Lyka Hetro Labs. Ltd.,//www.medicineindia.org/medicine-manufacturing-company/84/lyka-hetro-labs-ltd,55.00
KEFLEX,//www.medicineindia.org/medicine-brand-details/3673/keflex,Eli Lilly and Company (India) Pvt. Ltd.,//www.medicineindia.org/medicine-manufacturing-company/127/eli-lilly-and-company-india-pvt-ltd,116.00
KLOX,//www.medicineindia.org/medicine-brand-details/3087/klox,Lyka Hetro Labs. Ltd.,//www.medicineindia.org/medicine-manufacturing-company/84/lyka-hetro-labs-ltd,53.93
KAIZEM CD,//www.medicineindia.org/medicine-brand-details/7747/kaizem-cd,Wockhardt Ltd.,//www.medicineindia.org/medicine-manufacturing-company/13/wockhardt-ltd,30.00
KEFLEX BD,//www.medicineindia.org/medicine-brand-details/3674/keflex-bd,Eli Lilly and Company (India) Pvt. Ltd.,//www.medicineindia.org/medicine-manufacturing-company/127/eli-lilly-and-company-india-pvt-ltd,180.00
KAIZEM CD,//www.medicineindia.org/medicine-brand-details/7747/kaizem-cd,Wockhardt Ltd.,//www.medicineindia.org/medicine-manufacturing-company/13/wockhardt-ltd,50.00
KANSEL-B,//www.medicineindia.org/medicine-brand-details/21843/kansel-b,Palsons Drugs & Chem Indust,//www.medicineindia.org/medicine-manufacturing-company/830/palsons-drugs-chem-indust,0.00
KOJIC,//www.medicineindia.org/medicine-brand-details/21878/kojic,Curatio Pharmaceuticals,//www.medicineindia.org/medicine-manufacturing-company/880/curatio-pharmaceuticals,0.00
KOJIC,//www.medicineindia.org/medicine-brand-details/21878/kojic,Curatio Pharmaceuticals,//www.medicineindia.org/medicine-manufacturing-company/880/curatio-pharmaceuticals,0.00
KILPANE CREAM,//www.medicineindia.org/medicine-brand-details/11585/kilpane-cream,Glaxo Smithkline,//www.medicineindia.org/medicine-manufacturing-company/8/glaxo-smithkline,27.45
KZ,//www.medicineindia.org/medicine-brand-details/21891/kz,H & H Pharma,//www.medicineindia.org/medicine-manufacturing-company/942/h-h-pharma,99.95
KINGDERM,//www.medicineindia.org/medicine-brand-details/16452/kingderm,Acron Pharmaceuticals,//www.medicineindia.org/medicine-manufacturing-company/75/acron-pharmaceuticals,23.00
KETOVATE TOPICAL,//www.medicineindia.org/medicine-brand-details/6493/ketovate-topical,Bal Pharma,//www.medicineindia.org/medicine-manufacturing-company/209/bal-pharma,41.15
KETOVATE,//www.medicineindia.org/medicine-brand-details/6491/ketovate,Bal Pharma,//www.medicineindia.org/medicine-manufacturing-company/209/bal-pharma,46.00
KEFRAY,//www.medicineindia.org/medicine-brand-details/21851/kefray,Saburey Pharma,//www.medicineindia.org/medicine-manufacturing-company/1005/saburey-pharma,0.00
KEFODIME,//www.medicineindia.org/medicine-brand-details/21849/kefodime,Medley Pharmaceuticals Pvt. Ltd,//www.medicineindia.org/medicine-manufacturing-company/108/medley-pharmaceuticals-pvt-ltd,50.00
KEFLOR,//www.medicineindia.org/medicine-brand-details/4012/keflor,Ranbaxy Laboratories Limited,//www.medicineindia.org/medicine-manufacturing-company/132/ranbaxy-laboratories-limited,95.53
KORED DPS,//www.medicineindia.org/medicine-brand-details/16772/kored-dps,Dey`s Medical Stores (Mfg.) Ltd.,//www.medicineindia.org/medicine-manufacturing-company/236/deys-medical-stores-mfg-ltd,15.00
KIDICARE,//www.medicineindia.org/medicine-brand-details/21864/kidicare,MEYER ORGANICS,//www.medicineindia.org/medicine-manufacturing-company/200/meyer-organics,0.00
KOFAREST-PD,//www.medicineindia.org/medicine-brand-details/10751/kofarest-pd,Centaur Laboratories (P) Ltd.,//www.medicineindia.org/medicine-manufacturing-company/60/centaur-laboratories-p-ltd,0.00
KUFRIL,//www.medicineindia.org/medicine-brand-details/21881/kufril,Med Manor Organics Pvt Ltd,//www.medicineindia.org/medicine-manufacturing-company/952/med-manor-organics-pvt-ltd,0.00
KAMOZYME,//www.medicineindia.org/medicine-brand-details/14265/kamozyme,Kamron Laboratories Limited,//www.medicineindia.org/medicine-manufacturing-company/295/kamron-laboratories-limited,24.00
KETORID,//www.medicineindia.org/medicine-brand-details/15835/ketorid,Milmet Pharma Ltd,//www.medicineindia.org/medicine-manufacturing-company/489/milmet-pharma-ltd,38.00
KETO DROPS,//www.medicineindia.org/medicine-brand-details/15824/keto-drops,Cipla Limited,//www.medicineindia.org/medicine-manufacturing-company/71/cipla-limited,25.25
KETANOV DPS.,//www.medicineindia.org/medicine-brand-details/15822/ketanov-dps,Ranbaxy Laboratories Limited,//www.medicineindia.org/medicine-manufacturing-company/132/ranbaxy-laboratories-limited,26.70
KETLUR,//www.medicineindia.org/medicine-brand-details/15823/ketlur,Milmet Pharma Ltd,//www.medicineindia.org/medicine-manufacturing-company/489/milmet-pharma-ltd,48.00
KIDROX,//www.medicineindia.org/medicine-brand-details/3823/kidrox,Cadila Newgen,//www.medicineindia.org/medicine-manufacturing-company/20/cadila-newgen,35.00
KEFLOR,//www.medicineindia.org/medicine-brand-details/4012/keflor,Ranbaxy Laboratories Limited,//www.medicineindia.org/medicine-manufacturing-company/132/ranbaxy-laboratories-limited,64.50
K T L PLUS,//www.medicineindia.org/medicine-brand-details/22091/k-t-l-plus,Sapient Laboratories,//www.medicineindia.org/medicine-manufacturing-company/1010/sapient-laboratories,0.00
KEMAC,//www.medicineindia.org/medicine-brand-details/21852/kemac,Search Orbis,//www.medicineindia.org/medicine-manufacturing-company/838/search-orbis,0.00
KEMAC-D,//www.medicineindia.org/medicine-brand-details/21853/kemac-d,Search Orbis,//www.medicineindia.org/medicine-manufacturing-company/838/search-orbis,0.00
KETOGATE,//www.medicineindia.org/medicine-brand-details/21858/ketogate,Ajantha Pharmaceuticals,//www.medicineindia.org/medicine-manufacturing-company/339/ajantha-pharmaceuticals,0.00
KETSOL-D,//www.medicineindia.org/medicine-brand-details/21887/ketsol-d,KAIZEN PHARMA,//www.medicineindia.org/medicine-manufacturing-company/679/kaizen-pharma,39.80
K MOXI,//www.medicineindia.org/medicine-brand-details/21831/k-moxi,KAIZEN PHARMA,//www.medicineindia.org/medicine-manufacturing-company/679/kaizen-pharma,55.00
KETLUR PLUS,//www.medicineindia.org/medicine-brand-details/21855/ketlur-plus,Sun Pharmaceuticals Industries Ltd.,//www.medicineindia.org/medicine-manufacturing-company/34/sun-pharmaceuticals-industries-ltd,58.00
KETOFLOX,//www.medicineindia.org/medicine-brand-details/21857/ketoflox,Allergan India Ltd.,//www.medicineindia.org/medicine-manufacturing-company/721/allergan-india-ltd,68.62
KETLUR-LS,//www.medicineindia.org/medicine-brand-details/21856/ketlur-ls,Sun Pharmaceuticals Industries Ltd.,//www.medicineindia.org/medicine-manufacturing-company/34/sun-pharmaceuticals-industries-ltd,46.50
KINETO TAB,//www.medicineindia.org/medicine-brand-details/21867/kineto-tab,Systopic Laboratories (P) Ltd.,//www.medicineindia.org/medicine-manufacturing-company/142/systopic-laboratories-p-ltd,53.00
KLYNX,//www.medicineindia.org/medicine-brand-details/21875/klynx,Wallace Pharmaceuticals Ltd.,//www.medicineindia.org/medicine-manufacturing-company/148/wallace-pharmaceuticals-ltd,0.00
KOJIGLO,//www.medicineindia.org/medicine-brand-details/21879/kojiglo,Alkem Laboratries Ltd.,//www.medicineindia.org/medicine-manufacturing-company/117/alkem-laboratries-ltd,150.00
KMR GEL,//www.medicineindia.org/medicine-brand-details/11505/kmr-gel,Speciality Meditech Pvt. Ltd.,//www.medicineindia.org/medicine-manufacturing-company/433/speciality-meditech-pvt-ltd,39.00
KETOROL,//www.medicineindia.org/medicine-brand-details/1449/ketorol,Dr. Reddy`s Laboratories Ltd.,//www.medicineindia.org/medicine-manufacturing-company/42/dr-reddys-laboratories-ltd,70.00
KIDODENT,//www.medicineindia.org/medicine-brand-details/21866/kidodent,Indoco Remedies Ltd.,//www.medicineindia.org/medicine-manufacturing-company/63/indoco-remedies-ltd,0.00
KANSEL-DS,//www.medicineindia.org/medicine-brand-details/21842/kansel-ds,Palsons Drugs & Chem Indust,//www.medicineindia.org/medicine-manufacturing-company/830/palsons-drugs-chem-indust,0.00
KEFLOR,//www.medicineindia.org/medicine-brand-details/4012/keflor,Ranbaxy Laboratories Limited,//www.medicineindia.org/medicine-manufacturing-company/132/ranbaxy-laboratories-limited,80.50
KIDRAL,//www.medicineindia.org/medicine-brand-details/173/kidral,Core Health care Ltd.,//www.medicineindia.org/medicine-manufacturing-company/38/core-health-care-ltd,15.99
KIDRAL,//www.medicineindia.org/medicine-brand-details/173/kidral,Core Health care Ltd.,//www.medicineindia.org/medicine-manufacturing-company/38/core-health-care-ltd,20.87
KIDRAL,//www.medicineindia.org/medicine-brand-details/173/kidral,Core Health care Ltd.,//www.medicineindia.org/medicine-manufacturing-company/38/core-health-care-ltd,33.00
KETZY,//www.medicineindia.org/medicine-brand-details/1450/ketzy,Zee Laboratories,//www.medicineindia.org/medicine-manufacturing-company/110/zee-laboratories,13.00
KAPOCIN,//www.medicineindia.org/medicine-brand-details/6426/kapocin,Macleods Pharmaceuticals Pvt. Ltd.,//www.medicineindia.org/medicine-manufacturing-company/85/macleods-pharmaceuticals-pvt-ltd,146.00
KAPOCIN,//www.medicineindia.org/medicine-brand-details/6426/kapocin,Macleods Pharmaceuticals Pvt. Ltd.,//www.medicineindia.org/medicine-manufacturing-company/85/macleods-pharmaceuticals-pvt-ltd,204.00
KENADION INJ,//www.medicineindia.org/medicine-brand-details/524/kenadion-inj,Samarth Pharma Pvt. Ltd.,//www.medicineindia.org/medicine-manufacturing-company/57/samarth-pharma-pvt-ltd,10.00
K-NAT INJ.,//www.medicineindia.org/medicine-brand-details/8480/k-nat-inj,KonTest Chemicals Limited,//www.medicineindia.org/medicine-manufacturing-company/64/kontest-chemicals-limited,21.13
KANAMYCIN,//www.medicineindia.org/medicine-brand-details/5527/kanamycin,Samarth Pharma Pvt. Ltd.,//www.medicineindia.org/medicine-manufacturing-company/57/samarth-pharma-pvt-ltd,32.00
KEFPIME,//www.medicineindia.org/medicine-brand-details/21886/kefpime,Macleods Pharmaceuticals Pvt. Ltd.,//www.medicineindia.org/medicine-manufacturing-company/85/macleods-pharmaceuticals-pvt-ltd,172.47
KAPOCIN,//www.medicineindia.org/medicine-brand-details/6426/kapocin,Macleods Pharmaceuticals Pvt. Ltd.,//www.medicineindia.org/medicine-manufacturing-company/85/macleods-pharmaceuticals-pvt-ltd,275.00
KEFTAAZ AS,//www.medicineindia.org/medicine-brand-details/21885/keftaaz-as,Macleods Pharmaceuticals Pvt. Ltd.,//www.medicineindia.org/medicine-manufacturing-company/85/macleods-pharmaceuticals-pvt-ltd,0.00
KAPILIN,//www.medicineindia.org/medicine-brand-details/523/kapilin,Glaxo Smithkline,//www.medicineindia.org/medicine-manufacturing-company/8/glaxo-smithkline,55.20
KETALAR,//www.medicineindia.org/medicine-brand-details/17106/ketalar,Parke - Davis (India) Ltd.,//www.medicineindia.org/medicine-manufacturing-company/144/parke-davis-india-ltd,47.03
KENACORT,//www.medicineindia.org/medicine-brand-details/2392/kenacort,Nicholas Piramal India Ltd. (NPIL),//www.medicineindia.org/medicine-manufacturing-company/44/nicholas-piramal-india-ltd-npil,27.00
KENADION INJ,//www.medicineindia.org/medicine-brand-details/524/kenadion-inj,Samarth Pharma Pvt. Ltd.,//www.medicineindia.org/medicine-manufacturing-company/57/samarth-pharma-pvt-ltd,50.00
KETAMINE,//www.medicineindia.org/medicine-brand-details/17109/ketamine,PACKSONS,//www.medicineindia.org/medicine-manufacturing-company/68/packsons,20.00
KAMRHO-D,//www.medicineindia.org/medicine-brand-details/22016/kamrho-d,Sun Pharmaceuticals Industries Ltd.,//www.medicineindia.org/medicine-manufacturing-company/34/sun-pharmaceuticals-industries-ltd,0.00
KEYLYTE INJ,//www.medicineindia.org/medicine-brand-details/533/keylyte-inj,Wallace Pharmaceuticals Ltd.,//www.medicineindia.org/medicine-manufacturing-company/148/wallace-pharmaceuticals-ltd,25.00
KINAPLAT,//www.medicineindia.org/medicine-brand-details/18438/kinaplat,CADILA H,//www.medicineindia.org/medicine-manufacturing-company/155/cadila-h,2500.00
KINAPLAT,//www.medicineindia.org/medicine-brand-details/18438/kinaplat,CADILA H,//www.medicineindia.org/medicine-manufacturing-company/155/cadila-h,5500.00
KELAC,//www.medicineindia.org/medicine-brand-details/1442/kelac,Intas Pharmaceuticals Pvt. Ltd.,//www.medicineindia.org/medicine-manufacturing-company/17/intas-pharmaceuticals-pvt-ltd,4.90
KETOROL,//www.medicineindia.org/medicine-brand-details/1449/ketorol,Dr. Reddy`s Laboratories Ltd.,//www.medicineindia.org/medicine-manufacturing-company/42/dr-reddys-laboratories-ltd,15.40
KETANOV,//www.medicineindia.org/medicine-brand-details/1444/ketanov,Ranbaxy Laboratories Limited,//www.medicineindia.org/medicine-manufacturing-company/132/ranbaxy-laboratories-limited,15.45
KETANOV,//www.medicineindia.org/medicine-brand-details/1444/ketanov,Ranbaxy Laboratories Limited,//www.medicineindia.org/medicine-manufacturing-company/132/ranbaxy-laboratories-limited,0.00
KAMRHO-D,//www.medicineindia.org/medicine-brand-details/22016/kamrho-d,Sun Pharmaceuticals Industries Ltd.,//www.medicineindia.org/medicine-manufacturing-company/34/sun-pharmaceuticals-industries-ltd,0.00
KENACORT,//www.medicineindia.org/medicine-brand-details/2392/kenacort,Nicholas Piramal India Ltd. (NPIL),//www.medicineindia.org/medicine-manufacturing-company/44/nicholas-piramal-india-ltd-npil,57.00
KETALAR,//www.medicineindia.org/medicine-brand-details/17106/ketalar,Parke - Davis (India) Ltd.,//www.medicineindia.org/medicine-manufacturing-company/144/parke-davis-india-ltd,89.50
KETAM,//www.medicineindia.org/medicine-brand-details/17107/ketam,Inca (Sun),//www.medicineindia.org/medicine-manufacturing-company/28/inca-sun,14.00
KETALAR,//www.medicineindia.org/medicine-brand-details/17106/ketalar,Parke - Davis (India) Ltd.,//www.medicineindia.org/medicine-manufacturing-company/144/parke-davis-india-ltd,17.00
KETAMAX,//www.medicineindia.org/medicine-brand-details/17108/ketamax,Troikaa Parenterals Ltd.,//www.medicineindia.org/medicine-manufacturing-company/104/troikaa-parenterals-ltd,21.88
KEENEURON,//www.medicineindia.org/medicine-brand-details/17514/keeneuron,Kee Pharma Ltd.,//www.medicineindia.org/medicine-manufacturing-company/335/kee-pharma-ltd,10.50
KANCIN,//www.medicineindia.org/medicine-brand-details/5528/kancin,Alembic Ltd.,//www.medicineindia.org/medicine-manufacturing-company/52/alembic-ltd,39.00
KANCIN,//www.medicineindia.org/medicine-brand-details/5528/kancin,Alembic Ltd.,//www.medicineindia.org/medicine-manufacturing-company/52/alembic-ltd,17.21
KETANOV,//www.medicineindia.org/medicine-brand-details/1444/ketanov,Ranbaxy Laboratories Limited,//www.medicineindia.org/medicine-manufacturing-company/132/ranbaxy-laboratories-limited,29.50
KUROMOX,//www.medicineindia.org/medicine-brand-details/3253/kuromox,MEDICINE & KURE,//www.medicineindia.org/medicine-manufacturing-company/290/medicine-kure,21.00
KEZIMOX,//www.medicineindia.org/medicine-brand-details/3512/kezimox,KAISER PHARMA,//www.medicineindia.org/medicine-manufacturing-company/529/kaiser-pharma,28.00
KHASIGO SYR.,//www.medicineindia.org/medicine-brand-details/10624/khasigo-syr,Cadila Pharmaceuticals Ltd.,//www.medicineindia.org/medicine-manufacturing-company/27/cadila-pharmaceuticals-ltd,27.00
KOFAREST,//www.medicineindia.org/medicine-brand-details/10750/kofarest,Centaur Laboratories (P) Ltd.,//www.medicineindia.org/medicine-manufacturing-company/60/centaur-laboratories-p-ltd,36.00
KAY-CIEL,//www.medicineindia.org/medicine-brand-details/17323/kay-ciel,Stadmed Private limited,//www.medicineindia.org/medicine-manufacturing-company/122/stadmed-private-limited,25.50
KHASIGO SYR.,//www.medicineindia.org/medicine-brand-details/10624/khasigo-syr,Cadila Pharmaceuticals Ltd.,//www.medicineindia.org/medicine-manufacturing-company/27/cadila-pharmaceuticals-ltd,20.00
KOFAREST-PD,//www.medicineindia.org/medicine-brand-details/10751/kofarest-pd,Centaur Laboratories (P) Ltd.,//www.medicineindia.org/medicine-manufacturing-company/60/centaur-laboratories-p-ltd,29.95
KETOVERA-Z,//www.medicineindia.org/medicine-brand-details/21862/ketovera-z,Cute Care Life Science,//www.medicineindia.org/medicine-manufacturing-company/1007/cute-care-life-science,0.00
KANSEL-B,//www.medicineindia.org/medicine-brand-details/21843/kansel-b,Palsons Drugs & Chem Indust,//www.medicineindia.org/medicine-manufacturing-company/830/palsons-drugs-chem-indust,0.00
KETOTAR,//www.medicineindia.org/medicine-brand-details/16277/ketotar,Psychotropics India Limited (PIL),//www.medicineindia.org/medicine-manufacturing-company/297/psychotropics-india-limited-pil,90.00
KTC SHAMPOO,//www.medicineindia.org/medicine-brand-details/16282/ktc-shampoo,Yash Pharma Laboratories Pvt. Ltd.,//www.medicineindia.org/medicine-manufacturing-company/204/yash-pharma-laboratories-pvt-ltd,95.00
KZ,//www.medicineindia.org/medicine-brand-details/21891/kz,H & H Pharma,//www.medicineindia.org/medicine-manufacturing-company/942/h-h-pharma,142.50
KLINIQUE ACTIVE LOTION,//www.medicineindia.org/medicine-brand-details/22089/klinique-active-lotion,Maxmus International,//www.medicineindia.org/medicine-manufacturing-company/829/maxmus-international,149.95
K 2-ZOLE,//www.medicineindia.org/medicine-brand-details/21840/k-2-zole,Salve Pharmaceuticals,//www.medicineindia.org/medicine-manufacturing-company/823/salve-pharmaceuticals,0.00
KANSEL-DS,//www.medicineindia.org/medicine-brand-details/21842/kansel-ds,Palsons Drugs & Chem Indust,//www.medicineindia.org/medicine-manufacturing-company/830/palsons-drugs-chem-indust,0.00
KOFAREST LOZENGES,//www.medicineindia.org/medicine-brand-details/10835/kofarest-lozenges,Centaur Laboratories (P) Ltd.,//www.medicineindia.org/medicine-manufacturing-company/60/centaur-laboratories-p-ltd,25.00
KENACOMB,//www.medicineindia.org/medicine-brand-details/16451/kenacomb,Sarabhai Chemicals,//www.medicineindia.org/medicine-manufacturing-company/113/sarabhai-chemicals,20.11
KERALIN,//www.medicineindia.org/medicine-brand-details/16025/keralin,East India Pharmaceuticals Works Ltd.,//www.medicineindia.org/medicine-manufacturing-company/103/east-india-pharmaceuticals-works-ltd,39.80
KENALOG-S OPH.,//www.medicineindia.org/medicine-brand-details/15751/kenalog-s-oph,Nicholas Piramal India Ltd. (NPIL),//www.medicineindia.org/medicine-manufacturing-company/44/nicholas-piramal-india-ltd-npil,24.00
KENACORT,//www.medicineindia.org/medicine-brand-details/2392/kenacort,Nicholas Piramal India Ltd. (NPIL),//www.medicineindia.org/medicine-manufacturing-company/44/nicholas-piramal-india-ltd-npil,29.00
K-CIT,//www.medicineindia.org/medicine-brand-details/14429/k-cit,Dr. Reddy`s Laboratories Ltd.,//www.medicineindia.org/medicine-manufacturing-company/42/dr-reddys-laboratories-ltd,85.00
KENACORT ORAL PASTE,//www.medicineindia.org/medicine-brand-details/18365/kenacort-oral-paste,SPPL (Sarabhai Piramal Pharmaceuticals Ltd.),//www.medicineindia.org/medicine-manufacturing-company/87/sppl-sarabhai-piramal-pharmaceuticals-ltd,27.00
KAPSTAT,//www.medicineindia.org/medicine-brand-details/531/kapstat,Claris Life Sciences,//www.medicineindia.org/medicine-manufacturing-company/41/claris-life-sciences,75.00
KANSEL DUSTING POWDER,//www.medicineindia.org/medicine-brand-details/21844/kansel-dusting-powder,Palsons Drugs & Chem Indust,//www.medicineindia.org/medicine-manufacturing-company/830/palsons-drugs-chem-indust,0.00
K BIND POWDER,//www.medicineindia.org/medicine-brand-details/21835/k-bind-powder,Cadila Pharmaceuticals Ltd.,//www.medicineindia.org/medicine-manufacturing-company/27/cadila-pharmaceuticals-ltd,0.00
KIDS-PRO,//www.medicineindia.org/medicine-brand-details/17187/kids-pro,British Biologicals,//www.medicineindia.org/medicine-manufacturing-company/754/british-biologicals,139.00
KIDS-PRO,//www.medicineindia.org/medicine-brand-details/17187/kids-pro,British Biologicals,//www.medicineindia.org/medicine-manufacturing-company/754/british-biologicals,139.00
KABIPRO POWDER,//www.medicineindia.org/medicine-brand-details/21841/kabipro-powder,Fresenius Kabi India,//www.medicineindia.org/medicine-manufacturing-company/865/fresenius-kabi-india,229.00
KLINIQUE,//www.medicineindia.org/medicine-brand-details/21873/klinique,Maxmus International,//www.medicineindia.org/medicine-manufacturing-company/829/maxmus-international,0.00
KERTYOL-S,//www.medicineindia.org/medicine-brand-details/22261/kertyol-s,Piramal Healthcare Ltd.,//www.medicineindia.org/medicine-manufacturing-company/107/piramal-healthcare-ltd,173.00
KETOVATE SHAMPOO,//www.medicineindia.org/medicine-brand-details/6492/ketovate-shampoo,Bal Pharma,//www.medicineindia.org/medicine-manufacturing-company/209/bal-pharma,110.00
KETOMAC,//www.medicineindia.org/medicine-brand-details/21859/ketomac,Torque Pharmaceuticals,//www.medicineindia.org/medicine-manufacturing-company/1006/torque-pharmaceuticals,162.00
KETOPIL SHAMPOO,//www.medicineindia.org/medicine-brand-details/6490/ketopil-shampoo,Psychotropics India Limited (PIL),//www.medicineindia.org/medicine-manufacturing-company/297/psychotropics-india-limited-pil,75.00
KETOCO,//www.medicineindia.org/medicine-brand-details/18579/ketoco,Ind-Swift Ltd.,//www.medicineindia.org/medicine-manufacturing-company/70/ind-swift-ltd,95.00
K 2-ZOLE,//www.medicineindia.org/medicine-brand-details/21840/k-2-zole,Salve Pharmaceuticals,//www.medicineindia.org/medicine-manufacturing-company/823/salve-pharmaceuticals,0.00
KEFIVE PLUS,//www.medicineindia.org/medicine-brand-details/21847/kefive-plus,Crescent Therapeutics Limited,//www.medicineindia.org/medicine-manufacturing-company/817/crescent-therapeutics-limited,71.00
KALZIN-C,//www.medicineindia.org/medicine-brand-details/11997/kalzin-c,Unimarck Pharma (India) Ltd.,//www.medicineindia.org/medicine-manufacturing-company/99/unimarck-pharma-india-ltd,75.00
KIDROLYTE,//www.medicineindia.org/medicine-brand-details/174/kidrolyte,Claris Life Sciences,//www.medicineindia.org/medicine-manufacturing-company/41/claris-life-sciences,24.80
KIDROLYTE,//www.medicineindia.org/medicine-brand-details/174/kidrolyte,Claris Life Sciences,//www.medicineindia.org/medicine-manufacturing-company/41/claris-life-sciences,40.00
KETOVATE TOPICAL,//www.medicineindia.org/medicine-brand-details/6493/ketovate-topical,Bal Pharma,//www.medicineindia.org/medicine-manufacturing-company/209/bal-pharma,110.00
KEFSTAR,//www.medicineindia.org/medicine-brand-details/3962/kefstar,Wockhardt Ltd.,//www.medicineindia.org/medicine-manufacturing-company/13/wockhardt-ltd,198.00
KP-GEL,//www.medicineindia.org/medicine-brand-details/13240/kp-gel,KWALITY PHARMACEUTICALS (P) LTD.,//www.medicineindia.org/medicine-manufacturing-company/203/kwality-pharmaceuticals-p-ltd,47.00
KLARCID,//www.medicineindia.org/medicine-brand-details/13239/klarcid,Klar Sehen Pvt. Ltd.,//www.medicineindia.org/medicine-manufacturing-company/59/klar-sehen-pvt-ltd,23.60
KALTIN-MF,//www.medicineindia.org/medicine-brand-details/13646/kaltin-mf,Abbott Laboratories (India) Pvt. Ltd.,//www.medicineindia.org/medicine-manufacturing-company/309/abbott-laboratories-india-pvt-ltd,20.60
KEFCLAV,//www.medicineindia.org/medicine-brand-details/21846/kefclav,Macleods Pharmaceuticals-Gencare,//www.medicineindia.org/medicine-manufacturing-company/814/macleods-pharmaceuticals-gencare,60.50
KLARCID,//www.medicineindia.org/medicine-brand-details/13239/klarcid,Klar Sehen Pvt. Ltd.,//www.medicineindia.org/medicine-manufacturing-company/59/klar-sehen-pvt-ltd,44.40
KEGYL-F,//www.medicineindia.org/medicine-brand-details/13647/kegyl-f,Kentreck Labs Pvt. Ltd.,//www.medicineindia.org/medicine-manufacturing-company/76/kentreck-labs-pvt-ltd,17.00
KOMBINA,//www.medicineindia.org/medicine-brand-details/5982/kombina,Dey`s Medical Stores (Mfg.) Ltd.,//www.medicineindia.org/medicine-manufacturing-company/236/deys-medical-stores-mfg-ltd,10.04
KELVIN PLUS ORAL SUSP.,//www.medicineindia.org/medicine-brand-details/729/kelvin-plus-oral-susp,Leben Laboratories Pvt. Ltd.,//www.medicineindia.org/medicine-manufacturing-company/61/leben-laboratories-pvt-ltd,17.60
KALTIN-MF,//www.medicineindia.org/medicine-brand-details/13646/kaltin-mf,Abbott Laboratories (India) Pvt. Ltd.,//www.medicineindia.org/medicine-manufacturing-company/309/abbott-laboratories-india-pvt-ltd,20.60
KIT KAT,//www.medicineindia.org/medicine-brand-details/7038/kit-kat,Mapra Labs Ltd.,//www.medicineindia.org/medicine-manufacturing-company/340/mapra-labs-ltd,14.00
KLACID,//www.medicineindia.org/medicine-brand-details/19173/klacid,Abbott Laboratories (India) Pvt. Ltd.,//www.medicineindia.org/medicine-manufacturing-company/309/abbott-laboratories-india-pvt-ltd,0.00
KEFOXIN,//www.medicineindia.org/medicine-brand-details/18402/kefoxin,Ranbaxy Laboratories Limited,//www.medicineindia.org/medicine-manufacturing-company/132/ranbaxy-laboratories-limited,15.21
KEFLOXIN,//www.medicineindia.org/medicine-brand-details/3821/kefloxin,Solus,//www.medicineindia.org/medicine-manufacturing-company/522/solus,15.21
KIDROX,//www.medicineindia.org/medicine-brand-details/3823/kidrox,Cadila Newgen,//www.medicineindia.org/medicine-manufacturing-company/20/cadila-newgen,19.00
KEFLOR,//www.medicineindia.org/medicine-brand-details/4012/keflor,Ranbaxy Laboratories Limited,//www.medicineindia.org/medicine-manufacturing-company/132/ranbaxy-laboratories-limited,85.00
KLACID,//www.medicineindia.org/medicine-brand-details/19173/klacid,Abbott Laboratories (India) Pvt. Ltd.,//www.medicineindia.org/medicine-manufacturing-company/309/abbott-laboratories-india-pvt-ltd,0.00
KIDROX,//www.medicineindia.org/medicine-brand-details/3823/kidrox,Cadila Newgen,//www.medicineindia.org/medicine-manufacturing-company/20/cadila-newgen,35.00
KORAX COUGH SYRUP,//www.medicineindia.org/medicine-brand-details/10628/korax-cough-syrup,KWALITY PHARMACEUTICALS (P) LTD.,//www.medicineindia.org/medicine-manufacturing-company/203/kwality-pharmaceuticals-p-ltd,45.00
KOFGARD,//www.medicineindia.org/medicine-brand-details/10690/kofgard,Mapra Labs Ltd.,//www.medicineindia.org/medicine-manufacturing-company/340/mapra-labs-ltd,23.65
KOFEND-D,//www.medicineindia.org/medicine-brand-details/10542/kofend-d,Bal Pharma,//www.medicineindia.org/medicine-manufacturing-company/209/bal-pharma,25.00
KODIWIZ,//www.medicineindia.org/medicine-brand-details/10625/kodiwiz,Wisdom Pharma Pvt. Ltd.,//www.medicineindia.org/medicine-manufacturing-company/423/wisdom-pharma-pvt-ltd,27.00
KOFEX,//www.medicineindia.org/medicine-brand-details/10502/kofex,Bal Pharma,//www.medicineindia.org/medicine-manufacturing-company/209/bal-pharma,39.00
KOFAREST C,//www.medicineindia.org/medicine-brand-details/21877/kofarest-c,Centaur Laboratories (P) Ltd.,//www.medicineindia.org/medicine-manufacturing-company/60/centaur-laboratories-p-ltd,70.84
KIDICARE PLUS,//www.medicineindia.org/medicine-brand-details/21865/kidicare-plus,MEYER ORGANICS,//www.medicineindia.org/medicine-manufacturing-company/200/meyer-organics,0.00
KEYLYTE SYR,//www.medicineindia.org/medicine-brand-details/17324/keylyte-syr,Wallace Pharmaceuticals Ltd.,//www.medicineindia.org/medicine-manufacturing-company/148/wallace-pharmaceuticals-ltd,33.40
KAMOZYME,//www.medicineindia.org/medicine-brand-details/14265/kamozyme,Kamron Laboratories Limited,//www.medicineindia.org/medicine-manufacturing-company/295/kamron-laboratories-limited,41.90
KURFER,//www.medicineindia.org/medicine-brand-details/21883/kurfer,Kurit Pharma Pvt.Ltd.,//www.medicineindia.org/medicine-manufacturing-company/963/kurit-pharma-pvtltd,60.00
KEFPOD,//www.medicineindia.org/medicine-brand-details/4104/kefpod,Glenmark Pharmaceuticals Ltd.,//www.medicineindia.org/medicine-manufacturing-company/166/glenmark-pharmaceuticals-ltd,67.75
KEFLOR-MR,//www.medicineindia.org/medicine-brand-details/4013/keflor-mr,Ranbaxy Laboratories Limited,//www.medicineindia.org/medicine-manufacturing-company/132/ranbaxy-laboratories-limited,102.80
KODEKOF,//www.medicineindia.org/medicine-brand-details/10501/kodekof,Finecure Pharmaceuticals,//www.medicineindia.org/medicine-manufacturing-company/179/finecure-pharmaceuticals,26.00
KELVIN-P,//www.medicineindia.org/medicine-brand-details/730/kelvin-p,Leben Laboratories Pvt. Ltd.,//www.medicineindia.org/medicine-manufacturing-company/61/leben-laboratories-pvt-ltd,68.00
KELVIN-PLUS,//www.medicineindia.org/medicine-brand-details/731/kelvin-plus,Leben Laboratories Pvt. Ltd.,//www.medicineindia.org/medicine-manufacturing-company/61/leben-laboratories-pvt-ltd,70.00
KOFEX,//www.medicineindia.org/medicine-brand-details/10502/kofex,Bal Pharma,//www.medicineindia.org/medicine-manufacturing-company/209/bal-pharma,22.00
KELVIN-P,//www.medicineindia.org/medicine-brand-details/730/kelvin-p,Leben Laboratories Pvt. Ltd.,//www.medicineindia.org/medicine-manufacturing-company/61/leben-laboratories-pvt-ltd,13.20
KELVIN-PLUS,//www.medicineindia.org/medicine-brand-details/731/kelvin-plus,Leben Laboratories Pvt. Ltd.,//www.medicineindia.org/medicine-manufacturing-company/61/leben-laboratories-pvt-ltd,13.80
KODIWIZ,//www.medicineindia.org/medicine-brand-details/10625/kodiwiz,Wisdom Pharma Pvt. Ltd.,//www.medicineindia.org/medicine-manufacturing-company/423/wisdom-pharma-pvt-ltd,20.00
KOLQ,//www.medicineindia.org/medicine-brand-details/625/kolq,Blue Cross Laboratories Ltd.,//www.medicineindia.org/medicine-manufacturing-company/67/blue-cross-laboratories-ltd,26.00
KIDPRED,//www.medicineindia.org/medicine-brand-details/2354/kidpred,Nicholas Piramal India Ltd. (NPIL),//www.medicineindia.org/medicine-manufacturing-company/44/nicholas-piramal-india-ltd-npil,36.00
KINETONE PLUS,//www.medicineindia.org/medicine-brand-details/22622/kinetone-plus,Abbott India-Lenbrook,//www.medicineindia.org/medicine-manufacturing-company/969/abbott-india-lenbrook,44.00
KINETONE ADVANCE,//www.medicineindia.org/medicine-brand-details/20604/kinetone-advance,Abbott Laboratories (India) Pvt. Ltd.,//www.medicineindia.org/medicine-manufacturing-company/309/abbott-laboratories-india-pvt-ltd,83.50
KETOTIF,//www.medicineindia.org/medicine-brand-details/10956/ketotif,Kresp (A Division of Kopran),//www.medicineindia.org/medicine-manufacturing-company/537/kresp-a-division-of-kopran,42.15
KLOX,//www.medicineindia.org/medicine-brand-details/3087/klox,Lyka Hetro Labs. Ltd.,//www.medicineindia.org/medicine-manufacturing-company/84/lyka-hetro-labs-ltd,8.43
KELVIN,//www.medicineindia.org/medicine-brand-details/799/kelvin,Leben Laboratories Pvt. Ltd.,//www.medicineindia.org/medicine-manufacturing-company/61/leben-laboratories-pvt-ltd,15.40
K-TRON,//www.medicineindia.org/medicine-brand-details/10144/k-tron,Karnataka Antibiotics & Pharmaceuticals Ltd.,//www.medicineindia.org/medicine-manufacturing-company/228/karnataka-antibiotics-pharmaceuticals-ltd,26.00
KIRON-UP SYR,//www.medicineindia.org/medicine-brand-details/18117/kiron-up-syr,Kind`s Pharmaceuticals Ltd.,//www.medicineindia.org/medicine-manufacturing-company/451/kinds-pharmaceuticals-ltd,59.00
KEENEURON OD,//www.medicineindia.org/medicine-brand-details/17515/keeneuron-od,Kee Pharma Ltd.,//www.medicineindia.org/medicine-manufacturing-company/335/kee-pharma-ltd,89.30
KINPRIDE,//www.medicineindia.org/medicine-brand-details/21871/kinpride,Dr. Reddy`s Laboratories Ltd.,//www.medicineindia.org/medicine-manufacturing-company/42/dr-reddys-laboratories-ltd,0.00
KOMBINA,//www.medicineindia.org/medicine-brand-details/5982/kombina,Dey`s Medical Stores (Mfg.) Ltd.,//www.medicineindia.org/medicine-manufacturing-company/236/deys-medical-stores-mfg-ltd,6.33
KEXID-R,//www.medicineindia.org/medicine-brand-details/12369/kexid-r,CADEX,//www.medicineindia.org/medicine-manufacturing-company/450/cadex,9.00
KOMBINA,//www.medicineindia.org/medicine-brand-details/5982/kombina,Dey`s Medical Stores (Mfg.) Ltd.,//www.medicineindia.org/medicine-manufacturing-company/236/deys-medical-stores-mfg-ltd,10.76
KORTYL,//www.medicineindia.org/medicine-brand-details/1364/kortyl,Brussels Laboratories Pvt. Ltd.,//www.medicineindia.org/medicine-manufacturing-company/277/brussels-laboratories-pvt-ltd,12.00
KECEFORM,//www.medicineindia.org/medicine-brand-details/13757/keceform,K. C. Laboratories,//www.medicineindia.org/medicine-manufacturing-company/350/k-c-laboratories,16.00
KOLISPAS,//www.medicineindia.org/medicine-brand-details/2901/kolispas,Psychotropics India Limited (PIL),//www.medicineindia.org/medicine-manufacturing-company/297/psychotropics-india-limited-pil,16.50
KILBAC-TZ,//www.medicineindia.org/medicine-brand-details/13759/kilbac-tz,SHAIMIL,//www.medicineindia.org/medicine-manufacturing-company/338/shaimil,17.00
K PIO,//www.medicineindia.org/medicine-brand-details/21832/k-pio,Blue Cross Laboratories Ltd.,//www.medicineindia.org/medicine-manufacturing-company/67/blue-cross-laboratories-ltd,17.10
KETONAL-D,//www.medicineindia.org/medicine-brand-details/1410/ketonal-d,PCI Pharmaceuticals,//www.medicineindia.org/medicine-manufacturing-company/398/pci-pharmaceuticals,17.99
K-GEM,//www.medicineindia.org/medicine-brand-details/21836/k-gem,Blue Cross Laboratories Ltd.,//www.medicineindia.org/medicine-manufacturing-company/67/blue-cross-laboratories-ltd,18.10
KEXICAL-500,//www.medicineindia.org/medicine-brand-details/12078/kexical-500,CADEX,//www.medicineindia.org/medicine-manufacturing-company/450/cadex,19.25
KALZIN,//www.medicineindia.org/medicine-brand-details/12204/kalzin,Unimarck Pharma (India) Ltd.,//www.medicineindia.org/medicine-manufacturing-company/99/unimarck-pharma-india-ltd,21.50
KAMADOL-P,//www.medicineindia.org/medicine-brand-details/935/kamadol-p,Karnataka Antibiotics & Pharmaceuticals Ltd.,//www.medicineindia.org/medicine-manufacturing-company/228/karnataka-antibiotics-pharmaceuticals-ltd,25.00
KLODIP ACE,//www.medicineindia.org/medicine-brand-details/7829/klodip-ace,Kopran Limited,//www.medicineindia.org/medicine-manufacturing-company/172/kopran-limited,28.00
KELCER,//www.medicineindia.org/medicine-brand-details/12077/kelcer,ARMOUR,//www.medicineindia.org/medicine-manufacturing-company/407/armour,28.50
KLASSAK,//www.medicineindia.org/medicine-brand-details/13760/klassak,Plethico Pharmaceuticals,//www.medicineindia.org/medicine-manufacturing-company/227/plethico-pharmaceuticals,29.00
KEPRY-AM,//www.medicineindia.org/medicine-brand-details/7931/kepry-am,CADEX,//www.medicineindia.org/medicine-manufacturing-company/450/cadex,35.00
KINASE-N,//www.medicineindia.org/medicine-brand-details/2196/kinase-n,Lark Laboratories India Ltd.,//www.medicineindia.org/medicine-manufacturing-company/93/lark-laboratories-india-ltd,39.98
KMR,//www.medicineindia.org/medicine-brand-details/11641/kmr,Speciality Meditech Pvt. Ltd.,//www.medicineindia.org/medicine-manufacturing-company/433/speciality-meditech-pvt-ltd,42.50
KAPRIL-H,//www.medicineindia.org/medicine-brand-details/7965/kapril-h,Karnataka Antibiotics & Pharmaceuticals Ltd.,//www.medicineindia.org/medicine-manufacturing-company/228/karnataka-antibiotics-pharmaceuticals-ltd,43.00
KENUR-TZ,//www.medicineindia.org/medicine-brand-details/13758/kenur-tz,CADEX,//www.medicineindia.org/medicine-manufacturing-company/450/cadex,45.00
KIRON-UP TAB,//www.medicineindia.org/medicine-brand-details/18036/kiron-up-tab,Kind`s Pharmaceuticals Ltd.,//www.medicineindia.org/medicine-manufacturing-company/451/kinds-pharmaceuticals-ltd,45.00
KINECTINE,//www.medicineindia.org/medicine-brand-details/11858/kinectine,Anglo- French Drugs & Industries Ltd.,//www.medicineindia.org/medicine-manufacturing-company/169/anglo-french-drugs-industries-ltd,45.00
KEXER-D,//www.medicineindia.org/medicine-brand-details/1861/kexer-d,CADEX,//www.medicineindia.org/medicine-manufacturing-company/450/cadex,45.00
K TRIP FORTE,//www.medicineindia.org/medicine-brand-details/21833/k-trip-forte,FDC Ltd.,//www.medicineindia.org/medicine-manufacturing-company/96/fdc-ltd,49.50
KELCER PLUS,//www.medicineindia.org/medicine-brand-details/11970/kelcer-plus,ARMOUR,//www.medicineindia.org/medicine-manufacturing-company/407/armour,49.75
KHOGYL -N,//www.medicineindia.org/medicine-brand-details/6808/khogyl-n,ASKLEPIOS REMEDIES,//www.medicineindia.org/medicine-manufacturing-company/235/asklepios-remedies,50.00
KENTA-D,//www.medicineindia.org/medicine-brand-details/13041/kenta-d,Kind`s Pharmaceuticals Ltd.,//www.medicineindia.org/medicine-manufacturing-company/451/kinds-pharmaceuticals-ltd,50.00
KANIBA,//www.medicineindia.org/medicine-brand-details/13755/kaniba,KANSAS LAB,//www.medicineindia.org/medicine-manufacturing-company/329/kansas-lab,50.00
KOOLENT-DM,//www.medicineindia.org/medicine-brand-details/13042/koolent-dm,QUZEN BIOTEK,//www.medicineindia.org/medicine-manufacturing-company/183/quzen-biotek,53.00
K TRIP PLUS,//www.medicineindia.org/medicine-brand-details/21834/k-trip-plus,FDC Ltd.,//www.medicineindia.org/medicine-manufacturing-company/96/fdc-ltd,53.90
KINSER-DP,//www.medicineindia.org/medicine-brand-details/1863/kinser-dp,Kind`s Pharmaceuticals Ltd.,//www.medicineindia.org/medicine-manufacturing-company/451/kinds-pharmaceuticals-ltd,55.00
KINETO-D,//www.medicineindia.org/medicine-brand-details/1862/kineto-d,Systopic Laboratories (P) Ltd.,//www.medicineindia.org/medicine-manufacturing-company/142/systopic-laboratories-p-ltd,57.40
KINETO-DP,//www.medicineindia.org/medicine-brand-details/1810/kineto-dp,Systopic Laboratories (P) Ltd.,//www.medicineindia.org/medicine-manufacturing-company/142/systopic-laboratories-p-ltd,59.40
KEENEURON,//www.medicineindia.org/medicine-brand-details/17514/keeneuron,Kee Pharma Ltd.,//www.medicineindia.org/medicine-manufacturing-company/335/kee-pharma-ltd,59.50
KLAP,//www.medicineindia.org/medicine-brand-details/21872/klap,Dr. Reddy`s Laboratories Ltd.,//www.medicineindia.org/medicine-manufacturing-company/42/dr-reddys-laboratories-ltd,75.00
KONIFLOX-OZ,//www.medicineindia.org/medicine-brand-details/14102/koniflox-oz,KONARK BIOCHEM,//www.medicineindia.org/medicine-manufacturing-company/571/konark-biochem,80.00
KOCIP-TZ,//www.medicineindia.org/medicine-brand-details/13915/kocip-tz,ESTER FORMULATIONS,//www.medicineindia.org/medicine-manufacturing-company/492/ester-formulations,80.00
KEFPOD-CV,//www.medicineindia.org/medicine-brand-details/21850/kefpod-cv,Glenmark Pharmaceuticals Ltd.,//www.medicineindia.org/medicine-manufacturing-company/166/glenmark-pharmaceuticals-ltd,89.00
KONDRO-OD,//www.medicineindia.org/medicine-brand-details/22088/kondro-od,Panacea Biotec Ltd.,//www.medicineindia.org/medicine-manufacturing-company/5/panacea-biotec-ltd,110.00
KEFPOD-CV,//www.medicineindia.org/medicine-brand-details/21850/kefpod-cv,Glenmark Pharmaceuticals Ltd.,//www.medicineindia.org/medicine-manufacturing-company/166/glenmark-pharmaceuticals-ltd,186.40
KOLD CAP,//www.medicineindia.org/medicine-brand-details/662/kold-cap,KWALITY PHARMACEUTICALS (P) LTD.,//www.medicineindia.org/medicine-manufacturing-company/203/kwality-pharmaceuticals-p-ltd,20.00
KOLQ,//www.medicineindia.org/medicine-brand-details/625/kolq,Blue Cross Laboratories Ltd.,//www.medicineindia.org/medicine-manufacturing-company/67/blue-cross-laboratories-ltd,24.00
KINGBETA-AM,//www.medicineindia.org/medicine-brand-details/21870/kingbeta-am,Panacea Biotec Ltd.,//www.medicineindia.org/medicine-manufacturing-company/5/panacea-biotec-ltd,105.00
KCEFORM,//www.medicineindia.org/medicine-brand-details/13756/kceform,K. C. Laboratories,//www.medicineindia.org/medicine-manufacturing-company/350/k-c-laboratories,10.00
KETOSTERIL,//www.medicineindia.org/medicine-brand-details/21861/ketosteril,Nutramed Pharmaceuticals,//www.medicineindia.org/medicine-manufacturing-company/927/nutramed-pharmaceuticals,0.00
KEFCLAV,//www.medicineindia.org/medicine-brand-details/21846/kefclav,Macleods Pharmaceuticals-Gencare,//www.medicineindia.org/medicine-manufacturing-company/814/macleods-pharmaceuticals-gencare,77.00
KAPROLAM,//www.medicineindia.org/medicine-brand-details/9285/kaprolam,Karnataka Antibiotics & Pharmaceuticals Ltd.,//www.medicineindia.org/medicine-manufacturing-company/228/karnataka-antibiotics-pharmaceuticals-ltd,5.50
KAPROLAM,//www.medicineindia.org/medicine-brand-details/9285/kaprolam,Karnataka Antibiotics & Pharmaceuticals Ltd.,//www.medicineindia.org/medicine-manufacturing-company/228/karnataka-antibiotics-pharmaceuticals-ltd,9.50
KEPPRA,//www.medicineindia.org/medicine-brand-details/21854/keppra,UCB India Private Ltd.,//www.medicineindia.org/medicine-manufacturing-company/686/ucb-india-private-ltd,0.00
K-GLIM,//www.medicineindia.org/medicine-brand-details/21837/k-glim,Blue Cross Laboratories Ltd.,//www.medicineindia.org/medicine-manufacturing-company/67/blue-cross-laboratories-ltd,10.00
KETOVENT,//www.medicineindia.org/medicine-brand-details/10957/ketovent,Intas Pharmaceuticals Pvt. Ltd.,//www.medicineindia.org/medicine-manufacturing-company/17/intas-pharmaceuticals-pvt-ltd,14.00
KETOTIF,//www.medicineindia.org/medicine-brand-details/10956/ketotif,Kresp (A Division of Kopran),//www.medicineindia.org/medicine-manufacturing-company/537/kresp-a-division-of-kopran,15.16
KARMELITOS,//www.medicineindia.org/medicine-brand-details/14732/karmelitos,Cadila Pharmaceuticals Ltd.,//www.medicineindia.org/medicine-manufacturing-company/27/cadila-pharmaceuticals-ltd,20.03
KETASMA,//www.medicineindia.org/medicine-brand-details/10955/ketasma,Sun Pharmaceuticals Industries Ltd.,//www.medicineindia.org/medicine-manufacturing-company/34/sun-pharmaceuticals-industries-ltd,20.50
KOXYLAR,//www.medicineindia.org/medicine-brand-details/6169/koxylar,Lark Laboratories India Ltd.,//www.medicineindia.org/medicine-manufacturing-company/93/lark-laboratories-india-ltd,36.24
KOXI,//www.medicineindia.org/medicine-brand-details/6168/koxi,Plethico Pharmaceuticals,//www.medicineindia.org/medicine-manufacturing-company/227/plethico-pharmaceuticals,49.50
KENADION TAB,//www.medicineindia.org/medicine-brand-details/525/kenadion-tab,Samarth Pharma Pvt. Ltd.,//www.medicineindia.org/medicine-manufacturing-company/57/samarth-pharma-pvt-ltd,240.00
KEPRY,//www.medicineindia.org/medicine-brand-details/7880/kepry,CADEX,//www.medicineindia.org/medicine-manufacturing-company/450/cadex,20.00
K-ION,//www.medicineindia.org/medicine-brand-details/21838/k-ion,Nouveau Medicament,//www.medicineindia.org/medicine-manufacturing-company/960/nouveau-medicament,0.00
KINETO TAB,//www.medicineindia.org/medicine-brand-details/21867/kineto-tab,Systopic Laboratories (P) Ltd.,//www.medicineindia.org/medicine-manufacturing-company/142/systopic-laboratories-p-ltd,0.00
KELAC,//www.medicineindia.org/medicine-brand-details/1442/kelac,Intas Pharmaceuticals Pvt. Ltd.,//www.medicineindia.org/medicine-manufacturing-company/17/intas-pharmaceuticals-pvt-ltd,17.25
KETONIC,//www.medicineindia.org/medicine-brand-details/1447/ketonic,Piramal Healthcare Ltd.,//www.medicineindia.org/medicine-manufacturing-company/107/piramal-healthcare-ltd,18.00
KENALFIN,//www.medicineindia.org/medicine-brand-details/1443/kenalfin,Gufic Limited,//www.medicineindia.org/medicine-manufacturing-company/158/gufic-limited,20.00
KETOLAS,//www.medicineindia.org/medicine-brand-details/1446/ketolas,DALLAS PHARMA,//www.medicineindia.org/medicine-manufacturing-company/400/dallas-pharma,24.00
KETZY,//www.medicineindia.org/medicine-brand-details/1450/ketzy,Zee Laboratories,//www.medicineindia.org/medicine-manufacturing-company/110/zee-laboratories,25.00
K CIT,//www.medicineindia.org/medicine-brand-details/17322/k-cit,Dr. Reddy`s Laboratories Ltd.,//www.medicineindia.org/medicine-manufacturing-company/42/dr-reddys-laboratories-ltd,33.00
K-CIT,//www.medicineindia.org/medicine-brand-details/14429/k-cit,Dr. Reddy`s Laboratories Ltd.,//www.medicineindia.org/medicine-manufacturing-company/42/dr-reddys-laboratories-ltd,33.00
KETOROL,//www.medicineindia.org/medicine-brand-details/1449/ketorol,Dr. Reddy`s Laboratories Ltd.,//www.medicineindia.org/medicine-manufacturing-company/42/dr-reddys-laboratories-ltd,34.65
KETANOV,//www.medicineindia.org/medicine-brand-details/1444/ketanov,Ranbaxy Laboratories Limited,//www.medicineindia.org/medicine-manufacturing-company/132/ranbaxy-laboratories-limited,36.00
KINEX,//www.medicineindia.org/medicine-brand-details/2293/kinex,Strassenburg Pharmaceuticals Ltd.,//www.medicineindia.org/medicine-manufacturing-company/249/strassenburg-pharmaceuticals-ltd,48.32
KYRAB,//www.medicineindia.org/medicine-brand-details/21884/kyrab,Johnson & Johnson,//www.medicineindia.org/medicine-manufacturing-company/32/johnson-johnson,63.42
KORANDIL,//www.medicineindia.org/medicine-brand-details/8296/korandil,Sun Pharmaceuticals Industries Ltd.,//www.medicineindia.org/medicine-manufacturing-company/34/sun-pharmaceuticals-industries-ltd,113.00
K-COR,//www.medicineindia.org/medicine-brand-details/8295/k-cor,Macleods Pharmaceuticals Pvt. Ltd.,//www.medicineindia.org/medicine-manufacturing-company/85/macleods-pharmaceuticals-pvt-ltd,161.04
KLODIP,//www.medicineindia.org/medicine-brand-details/7509/klodip,Kopran Limited,//www.medicineindia.org/medicine-manufacturing-company/172/kopran-limited,38.25
KEFRAY,//www.medicineindia.org/medicine-brand-details/21851/kefray,Saburey Pharma,//www.medicineindia.org/medicine-manufacturing-company/1005/saburey-pharma,0.00
KANSULIDE,//www.medicineindia.org/medicine-brand-details/1027/kansulide,KANSAS LAB,//www.medicineindia.org/medicine-manufacturing-company/329/kansas-lab,15.00
KETOFEN,//www.medicineindia.org/medicine-brand-details/1409/ketofen,PCI Pharmaceuticals,//www.medicineindia.org/medicine-manufacturing-company/398/pci-pharmaceuticals,24.92
KEFPOD,//www.medicineindia.org/medicine-brand-details/4104/kefpod,Glenmark Pharmaceuticals Ltd.,//www.medicineindia.org/medicine-manufacturing-company/166/glenmark-pharmaceuticals-ltd,110.00
KIXIM,//www.medicineindia.org/medicine-brand-details/4493/kixim,BROOKS PHARMA,//www.medicineindia.org/medicine-manufacturing-company/186/brooks-pharma,160.00
KIT KAT,//www.medicineindia.org/medicine-brand-details/7038/kit-kat,Mapra Labs Ltd.,//www.medicineindia.org/medicine-manufacturing-company/340/mapra-labs-ltd,11.00
KIMET-XL,//www.medicineindia.org/medicine-brand-details/21980/kimet-xl,Zuventus Healthcare Ltd.,//www.medicineindia.org/medicine-manufacturing-company/527/zuventus-healthcare-ltd,32.00
KINGCOX,//www.medicineindia.org/medicine-brand-details/2166/kingcox,IRM Pharma,//www.medicineindia.org/medicine-manufacturing-company/369/irm-pharma,75.60
KRETOS,//www.medicineindia.org/medicine-brand-details/2167/kretos,Glenmark Pharmaceuticals Ltd.,//www.medicineindia.org/medicine-manufacturing-company/166/glenmark-pharmaceuticals-ltd,91.90
KAYPEN,//www.medicineindia.org/medicine-brand-details/3082/kaypen,Hindustan Antibiotics Ltd.,//www.medicineindia.org/medicine-manufacturing-company/100/hindustan-antibiotics-ltd,7.48
KCETRIN,//www.medicineindia.org/medicine-brand-details/3818/kcetrin,K. C. Laboratories,//www.medicineindia.org/medicine-manufacturing-company/350/k-c-laboratories,19.00
KEFSTAR,//www.medicineindia.org/medicine-brand-details/3962/kefstar,Wockhardt Ltd.,//www.medicineindia.org/medicine-manufacturing-company/13/wockhardt-ltd,55.00
K-PIO,//www.medicineindia.org/medicine-brand-details/21839/k-pio,Blue Cross Laboratories Ltd.,//www.medicineindia.org/medicine-manufacturing-company/67/blue-cross-laboratories-ltd,13.00
KEXITH-150,//www.medicineindia.org/medicine-brand-details/5611/kexith-150,CADEX,//www.medicineindia.org/medicine-manufacturing-company/450/cadex,60.00
K-GLIM,//www.medicineindia.org/medicine-brand-details/21837/k-glim,Blue Cross Laboratories Ltd.,//www.medicineindia.org/medicine-manufacturing-company/67/blue-cross-laboratories-ltd,14.30
KARMELITOS,//www.medicineindia.org/medicine-brand-details/14732/karmelitos,Cadila Pharmaceuticals Ltd.,//www.medicineindia.org/medicine-manufacturing-company/27/cadila-pharmaceuticals-ltd,36.11
KEMADRIN,//www.medicineindia.org/medicine-brand-details/10288/kemadrin,Glaxo Smithkline,//www.medicineindia.org/medicine-manufacturing-company/8/glaxo-smithkline,25.30
KAPRIL,//www.medicineindia.org/medicine-brand-details/7879/kapril,Karnataka Antibiotics & Pharmaceuticals Ltd.,//www.medicineindia.org/medicine-manufacturing-company/228/karnataka-antibiotics-pharmaceuticals-ltd,27.00
KRIPTI,//www.medicineindia.org/medicine-brand-details/10324/kripti,LINCOLN PHARMA,//www.medicineindia.org/medicine-manufacturing-company/207/lincoln-pharma,129.00
KLODIP,//www.medicineindia.org/medicine-brand-details/7509/klodip,Kopran Limited,//www.medicineindia.org/medicine-manufacturing-company/172/kopran-limited,9.00
KEMONEX-DT,//www.medicineindia.org/medicine-brand-details/2033/kemonex-dt,CHEMO DRUGS,//www.medicineindia.org/medicine-manufacturing-company/268/chemo-drugs,28.00
KIMOCID,//www.medicineindia.org/medicine-brand-details/12526/kimocid,KIM LAB,//www.medicineindia.org/medicine-manufacturing-company/225/kim-lab,37.00
KOXYLAR,//www.medicineindia.org/medicine-brand-details/6169/koxylar,Lark Laboratories India Ltd.,//www.medicineindia.org/medicine-manufacturing-company/93/lark-laboratories-india-ltd,8.35
KAFLO,//www.medicineindia.org/medicine-brand-details/4965/kaflo,KANSAS LAB,//www.medicineindia.org/medicine-manufacturing-company/329/kansas-lab,40.00
KENAZOL,//www.medicineindia.org/medicine-brand-details/6488/kenazol,PCI Pharmaceuticals,//www.medicineindia.org/medicine-manufacturing-company/398/pci-pharmaceuticals,107.29
KEFODIME,//www.medicineindia.org/medicine-brand-details/21849/kefodime,Medley Pharmaceuticals Pvt. Ltd,//www.medicineindia.org/medicine-manufacturing-company/108/medley-pharmaceuticals-pvt-ltd,129.00
KONAZ,//www.medicineindia.org/medicine-brand-details/6496/konaz,CHEMO BIOLOGICAL,//www.medicineindia.org/medicine-manufacturing-company/86/chemo-biological,139.00
KETOVATE,//www.medicineindia.org/medicine-brand-details/6491/ketovate,Bal Pharma,//www.medicineindia.org/medicine-manufacturing-company/209/bal-pharma,140.20
KETOZOE,//www.medicineindia.org/medicine-brand-details/6494/ketozoe,ADLEY LAB,//www.medicineindia.org/medicine-manufacturing-company/302/adley-lab,150.00
KETOZOLE,//www.medicineindia.org/medicine-brand-details/6495/ketozole,Rextar,//www.medicineindia.org/medicine-manufacturing-company/390/rextar,155.00
KEFPOD,//www.medicineindia.org/medicine-brand-details/4104/kefpod,Glenmark Pharmaceuticals Ltd.,//www.medicineindia.org/medicine-manufacturing-company/166/glenmark-pharmaceuticals-ltd,170.00
KEFMAX,//www.medicineindia.org/medicine-brand-details/21848/kefmax,Indchemie Health Specialities,//www.medicineindia.org/medicine-manufacturing-company/811/indchemie-health-specialities,192.00
KETOCRON,//www.medicineindia.org/medicine-brand-details/6489/ketocron,Acron Pharmaceuticals,//www.medicineindia.org/medicine-manufacturing-company/75/acron-pharmaceuticals,200.00
KLASPAR,//www.medicineindia.org/medicine-brand-details/5257/klaspar,Klar Sehen Pvt. Ltd.,//www.medicineindia.org/medicine-manufacturing-company/59/klar-sehen-pvt-ltd,54.00
KLORZIDE,//www.medicineindia.org/medicine-brand-details/8193/klorzide,Zydus Biogen,//www.medicineindia.org/medicine-manufacturing-company/31/zydus-biogen,0.00
KAMITRIN,//www.medicineindia.org/medicine-brand-details/2611/kamitrin,SAGA LAB,//www.medicineindia.org/medicine-manufacturing-company/500/saga-lab,16.50
K-CARB,//www.medicineindia.org/medicine-brand-details/15051/k-carb,Blue Cross Laboratories Ltd.,//www.medicineindia.org/medicine-manufacturing-company/67/blue-cross-laboratories-ltd,30.00
KIMET-XL,//www.medicineindia.org/medicine-brand-details/21980/kimet-xl,Zuventus Healthcare Ltd.,//www.medicineindia.org/medicine-manufacturing-company/527/zuventus-healthcare-ltd,44.00
KINGBETA,//www.medicineindia.org/medicine-brand-details/21869/kingbeta,Panacea Biotec Ltd.,//www.medicineindia.org/medicine-manufacturing-company/5/panacea-biotec-ltd,62.00
KEPPRA,//www.medicineindia.org/medicine-brand-details/21854/keppra,UCB India Private Ltd.,//www.medicineindia.org/medicine-manufacturing-company/686/ucb-india-private-ltd,0.00
KAYPEN,//www.medicineindia.org/medicine-brand-details/3082/kaypen,Hindustan Antibiotics Ltd.,//www.medicineindia.org/medicine-manufacturing-company/100/hindustan-antibiotics-ltd,14.12
KIDOXYL,//www.medicineindia.org/medicine-brand-details/3822/kidoxyl,RHOMBUS PHARMA,//www.medicineindia.org/medicine-manufacturing-company/181/rhombus-pharma,23.00
KEDRIL DT,//www.medicineindia.org/medicine-brand-details/3820/kedril-dt,CADEX,//www.medicineindia.org/medicine-manufacturing-company/450/cadex,39.00
KLOT,//www.medicineindia.org/medicine-brand-details/8458/klot,Skymax Laboratories Pvt. Ltd.,//www.medicineindia.org/medicine-manufacturing-company/385/skymax-laboratories-pvt-ltd,45.00
KAMLATE,//www.medicineindia.org/medicine-brand-details/8457/kamlate,KANSAS LAB,//www.medicineindia.org/medicine-manufacturing-company/329/kansas-lab,48.00
K STAT,//www.medicineindia.org/medicine-brand-details/8456/k-stat,Mercury Laboratories Pvt. Ltd.,//www.medicineindia.org/medicine-manufacturing-company/140/mercury-laboratories-pvt-ltd,58.00
KLARIM,//www.medicineindia.org/medicine-brand-details/5826/klarim,Morepen Laboratories Ltd.,//www.medicineindia.org/medicine-manufacturing-company/435/morepen-laboratories-ltd,175.00
KEFUEL,//www.medicineindia.org/medicine-brand-details/3963/kefuel,DALLAS PHARMA,//www.medicineindia.org/medicine-manufacturing-company/400/dallas-pharma,135.00
KEFSTAR,//www.medicineindia.org/medicine-brand-details/3962/kefstar,Wockhardt Ltd.,//www.medicineindia.org/medicine-manufacturing-company/13/wockhardt-ltd,106.00
KEFOX,//www.medicineindia.org/medicine-brand-details/3961/kefox,LITAKA PHARMA,//www.medicineindia.org/medicine-manufacturing-company/252/litaka-pharma,107.00
KLACIN,//www.medicineindia.org/medicine-brand-details/18508/klacin,Cipla Limited,//www.medicineindia.org/medicine-manufacturing-company/71/cipla-limited,140.00
KEZI,//www.medicineindia.org/medicine-brand-details/5772/kezi,CADEX,//www.medicineindia.org/medicine-manufacturing-company/450/cadex,86.00
K-PIO,//www.medicineindia.org/medicine-brand-details/21839/k-pio,Blue Cross Laboratories Ltd.,//www.medicineindia.org/medicine-manufacturing-company/67/blue-cross-laboratories-ltd,18.00
KAMTAC,//www.medicineindia.org/medicine-brand-details/12265/kamtac,Kamron Laboratories Limited,//www.medicineindia.org/medicine-manufacturing-company/295/kamron-laboratories-limited,12.00
KWINIL,//www.medicineindia.org/medicine-brand-details/6857/kwinil,Intas Pharmaceuticals Pvt. Ltd.,//www.medicineindia.org/medicine-manufacturing-company/17/intas-pharmaceuticals-pvt-ltd,42.25
KUNEN,//www.medicineindia.org/medicine-brand-details/6856/kunen,Merind Limited,//www.medicineindia.org/medicine-manufacturing-company/72/merind-limited,49.00
KRIMSON,//www.medicineindia.org/medicine-brand-details/18987/krimson,Sun Pharmaceuticals Industries Ltd.,//www.medicineindia.org/medicine-manufacturing-company/34/sun-pharmaceuticals-industries-ltd,209.00
KEFLOR-MR,//www.medicineindia.org/medicine-brand-details/4013/keflor-mr,Ranbaxy Laboratories Limited,//www.medicineindia.org/medicine-manufacturing-company/132/ranbaxy-laboratories-limited,257.00
KENACORT,//www.medicineindia.org/medicine-brand-details/2392/kenacort,Nicholas Piramal India Ltd. (NPIL),//www.medicineindia.org/medicine-manufacturing-company/44/nicholas-piramal-india-ltd-npil,21.00
K-TRON,//www.medicineindia.org/medicine-brand-details/10144/k-tron,Karnataka Antibiotics & Pharmaceuticals Ltd.,//www.medicineindia.org/medicine-manufacturing-company/228/karnataka-antibiotics-pharmaceuticals-ltd,30.00
KENTOCID,//www.medicineindia.org/medicine-brand-details/12869/kentocid,CADEX,//www.medicineindia.org/medicine-manufacturing-company/450/cadex,43.00
KOOLENT,//www.medicineindia.org/medicine-brand-details/12870/koolent,QUZEN BIOTEK,//www.medicineindia.org/medicine-manufacturing-company/183/quzen-biotek,45.00
KENTA-40,//www.medicineindia.org/medicine-brand-details/12868/kenta-40,Kind`s Pharmaceuticals Ltd.,//www.medicineindia.org/medicine-manufacturing-company/451/kinds-pharmaceuticals-ltd,45.00
KILBAC,//www.medicineindia.org/medicine-brand-details/5197/kilbac,SHAIMIL,//www.medicineindia.org/medicine-manufacturing-company/338/shaimil,10.00
KIRAJA,//www.medicineindia.org/medicine-brand-details/7141/kiraja,MEDIZONE,//www.medicineindia.org/medicine-manufacturing-company/286/medizone,11.00
KOXYLAR,//www.medicineindia.org/medicine-brand-details/6169/koxylar,Lark Laboratories India Ltd.,//www.medicineindia.org/medicine-manufacturing-company/93/lark-laboratories-india-ltd,15.26
KOXI,//www.medicineindia.org/medicine-brand-details/6168/koxi,Plethico Pharmaceuticals,//www.medicineindia.org/medicine-manufacturing-company/227/plethico-pharmaceuticals,16.80
KINETAL,//www.medicineindia.org/medicine-brand-details/8765/kinetal,Protech Biosystems,//www.medicineindia.org/medicine-manufacturing-company/180/protech-biosystems,27.09
K-ION,//www.medicineindia.org/medicine-brand-details/21838/k-ion,Nouveau Medicament,//www.medicineindia.org/medicine-manufacturing-company/960/nouveau-medicament,0.00
K CIT,//www.medicineindia.org/medicine-brand-details/17322/k-cit,Dr. Reddy`s Laboratories Ltd.,//www.medicineindia.org/medicine-manufacturing-company/42/dr-reddys-laboratories-ltd,22.00
K-CIT,//www.medicineindia.org/medicine-brand-details/14429/k-cit,Dr. Reddy`s Laboratories Ltd.,//www.medicineindia.org/medicine-manufacturing-company/42/dr-reddys-laboratories-ltd,22.00
KINETIX,//www.medicineindia.org/medicine-brand-details/13415/kinetix,Lupin Laboratories Ltd.,//www.medicineindia.org/medicine-manufacturing-company/95/lupin-laboratories-ltd,27.01
KINEX,//www.medicineindia.org/medicine-brand-details/2293/kinex,Strassenburg Pharmaceuticals Ltd.,//www.medicineindia.org/medicine-manufacturing-company/249/strassenburg-pharmaceuticals-ltd,28.81
KEMADRIN,//www.medicineindia.org/medicine-brand-details/10288/kemadrin,Glaxo Smithkline,//www.medicineindia.org/medicine-manufacturing-company/8/glaxo-smithkline,36.00
KORANDIL,//www.medicineindia.org/medicine-brand-details/8296/korandil,Sun Pharmaceuticals Industries Ltd.,//www.medicineindia.org/medicine-manufacturing-company/34/sun-pharmaceuticals-industries-ltd,79.00
K-COR,//www.medicineindia.org/medicine-brand-details/8295/k-cor,Macleods Pharmaceuticals Pvt. Ltd.,//www.medicineindia.org/medicine-manufacturing-company/85/macleods-pharmaceuticals-pvt-ltd,97.63
KLODIP,//www.medicineindia.org/medicine-brand-details/7509/klodip,Kopran Limited,//www.medicineindia.org/medicine-manufacturing-company/172/kopran-limited,19.75
KNAC,//www.medicineindia.org/medicine-brand-details/1559/knac,Astra Zeneca,//www.medicineindia.org/medicine-manufacturing-company/83/astra-zeneca,5.10
KETOFEN,//www.medicineindia.org/medicine-brand-details/1409/ketofen,PCI Pharmaceuticals,//www.medicineindia.org/medicine-manufacturing-company/398/pci-pharmaceuticals,12.52
K-CARB,//www.medicineindia.org/medicine-brand-details/15051/k-carb,Blue Cross Laboratories Ltd.,//www.medicineindia.org/medicine-manufacturing-company/67/blue-cross-laboratories-ltd,58.00
KIMET-XL,//www.medicineindia.org/medicine-brand-details/21980/kimet-xl,Zuventus Healthcare Ltd.,//www.medicineindia.org/medicine-manufacturing-company/527/zuventus-healthcare-ltd,63.00
KINGBETA,//www.medicineindia.org/medicine-brand-details/21869/kingbeta,Panacea Biotec Ltd.,//www.medicineindia.org/medicine-manufacturing-company/5/panacea-biotec-ltd,93.00
KEPPRA,//www.medicineindia.org/medicine-brand-details/21854/keppra,UCB India Private Ltd.,//www.medicineindia.org/medicine-manufacturing-company/686/ucb-india-private-ltd,0.00
KELVIN,//www.medicineindia.org/medicine-brand-details/799/kelvin,Leben Laboratories Pvt. Ltd.,//www.medicineindia.org/medicine-manufacturing-company/61/leben-laboratories-pvt-ltd,5.60
KARECAL,//www.medicineindia.org/medicine-brand-details/11920/karecal,ORCHID,//www.medicineindia.org/medicine-manufacturing-company/347/orchid,20.00
KOXYMIDE,//www.medicineindia.org/medicine-brand-details/6189/koxymide,Lark Laboratories India Ltd.,//www.medicineindia.org/medicine-manufacturing-company/93/lark-laboratories-india-ltd,32.43
KIMPRO,//www.medicineindia.org/medicine-brand-details/4803/kimpro,KIM LAB,//www.medicineindia.org/medicine-manufacturing-company/225/kim-lab,49.00
KAZITHRO,//www.medicineindia.org/medicine-brand-details/5771/kazithro,KANSAS LAB,//www.medicineindia.org/medicine-manufacturing-company/329/kansas-lab,71.00
KEDRIL,//www.medicineindia.org/medicine-brand-details/3819/kedril,CADEX,//www.medicineindia.org/medicine-manufacturing-company/450/cadex,77.50
KLOT,//www.medicineindia.org/medicine-brand-details/8458/klot,Skymax Laboratories Pvt. Ltd.,//www.medicineindia.org/medicine-manufacturing-company/385/skymax-laboratories-pvt-ltd,80.00
K STAT,//www.medicineindia.org/medicine-brand-details/8456/k-stat,Mercury Laboratories Pvt. Ltd.,//www.medicineindia.org/medicine-manufacturing-company/140/mercury-laboratories-pvt-ltd,138.00
KEFSTAR,//www.medicineindia.org/medicine-brand-details/3962/kefstar,Wockhardt Ltd.,//www.medicineindia.org/medicine-manufacturing-company/13/wockhardt-ltd,198.00
KINGCOX,//www.medicineindia.org/medicine-brand-details/2166/kingcox,IRM Pharma,//www.medicineindia.org/medicine-manufacturing-company/369/irm-pharma,35.62
KRETOS,//www.medicineindia.org/medicine-brand-details/2167/kretos,Glenmark Pharmaceuticals Ltd.,//www.medicineindia.org/medicine-manufacturing-company/166/glenmark-pharmaceuticals-ltd,38.00
KARDIN-60SR,//www.medicineindia.org/medicine-brand-details/8313/kardin-60sr,Zee Laboratories,//www.medicineindia.org/medicine-manufacturing-company/110/zee-laboratories,90.00
KOXYLAR,//www.medicineindia.org/medicine-brand-details/6169/koxylar,Lark Laboratories India Ltd.,//www.medicineindia.org/medicine-manufacturing-company/93/lark-laboratories-india-ltd,22.17
KOXI,//www.medicineindia.org/medicine-brand-details/6168/koxi,Plethico Pharmaceuticals,//www.medicineindia.org/medicine-manufacturing-company/227/plethico-pharmaceuticals,29.81
KEMCIN,//www.medicineindia.org/medicine-brand-details/800/kemcin,Synokem Pharmaceuticals (P) Ltd.,//www.medicineindia.org/medicine-manufacturing-company/245/synokem-pharmaceuticals-p-ltd,11.00
KLOV,//www.medicineindia.org/medicine-brand-details/8666/klov,Zee Laboratories,//www.medicineindia.org/medicine-manufacturing-company/110/zee-laboratories,45.00
KOXYMIDE,//www.medicineindia.org/medicine-brand-details/6189/koxymide,Lark Laboratories India Ltd.,//www.medicineindia.org/medicine-manufacturing-company/93/lark-laboratories-india-ltd,49.00
KEFLOR-MR,//www.medicineindia.org/medicine-brand-details/4013/keflor-mr,Ranbaxy Laboratories Limited,//www.medicineindia.org/medicine-manufacturing-company/132/ranbaxy-laboratories-limited,387.00
KOXYLAR,//www.medicineindia.org/medicine-brand-details/6169/koxylar,Lark Laboratories India Ltd.,//www.medicineindia.org/medicine-manufacturing-company/93/lark-laboratories-india-ltd,29.20
KEBITOL,//www.medicineindia.org/medicine-brand-details/6167/kebitol,Kentreck Labs Pvt. Ltd.,//www.medicineindia.org/medicine-manufacturing-company/76/kentreck-labs-pvt-ltd,38.00
KOXI,//www.medicineindia.org/medicine-brand-details/6168/koxi,Plethico Pharmaceuticals,//www.medicineindia.org/medicine-manufacturing-company/227/plethico-pharmaceuticals,39.60
KINGCOX,//www.medicineindia.org/medicine-brand-details/2166/kingcox,IRM Pharma,//www.medicineindia.org/medicine-manufacturing-company/369/irm-pharma,55.34
KRETOS,//www.medicineindia.org/medicine-brand-details/2167/kretos,Glenmark Pharmaceuticals Ltd.,//www.medicineindia.org/medicine-manufacturing-company/166/glenmark-pharmaceuticals-ltd,75.60
KETOROL,//www.medicineindia.org/medicine-brand-details/1449/ketorol,Dr. Reddy`s Laboratories Ltd.,//www.medicineindia.org/medicine-manufacturing-company/42/dr-reddys-laboratories-ltd,35.85
KEFPOD,//www.medicineindia.org/medicine-brand-details/4104/kefpod,Glenmark Pharmaceuticals Ltd.,//www.medicineindia.org/medicine-manufacturing-company/166/glenmark-pharmaceuticals-ltd,0.00
KEFCLAV,//www.medicineindia.org/medicine-brand-details/21846/kefclav,Macleods Pharmaceuticals-Gencare,//www.medicineindia.org/medicine-manufacturing-company/814/macleods-pharmaceuticals-gencare,64.02
KIDROX,//www.medicineindia.org/medicine-brand-details/3823/kidrox,Cadila Newgen,//www.medicineindia.org/medicine-manufacturing-company/20/cadila-newgen,25.00
KEFLOR,//www.medicineindia.org/medicine-brand-details/4012/keflor,Ranbaxy Laboratories Limited,//www.medicineindia.org/medicine-manufacturing-company/132/ranbaxy-laboratories-limited,94.40
KIDROX,//www.medicineindia.org/medicine-brand-details/3823/kidrox,Cadila Newgen,//www.medicineindia.org/medicine-manufacturing-company/20/cadila-newgen,26.53
KEFLOR,//www.medicineindia.org/medicine-brand-details/4012/keflor,Ranbaxy Laboratories Limited,//www.medicineindia.org/medicine-manufacturing-company/132/ranbaxy-laboratories-limited,171.62
KEFPOD,//www.medicineindia.org/medicine-brand-details/4104/kefpod,Glenmark Pharmaceuticals Ltd.,//www.medicineindia.org/medicine-manufacturing-company/166/glenmark-pharmaceuticals-ltd,50.00
KEFCLAV,//www.medicineindia.org/medicine-brand-details/21846/kefclav,Macleods Pharmaceuticals-Gencare,//www.medicineindia.org/medicine-manufacturing-company/814/macleods-pharmaceuticals-gencare,38.94
KINECTIN P,//www.medicineindia.org/medicine-brand-details/1703/kinectin-p,Anglo- French Drugs & Industries Ltd.,//www.medicineindia.org/medicine-manufacturing-company/169/anglo-french-drugs-industries-ltd,20.00
K-DENT F,//www.medicineindia.org/medicine-brand-details/18296/k-dent-f,Centaur Laboratories (P) Ltd.,//www.medicineindia.org/medicine-manufacturing-company/60/centaur-laboratories-p-ltd,28.50
K-DENT,//www.medicineindia.org/medicine-brand-details/18288/k-dent,Centaur Laboratories (P) Ltd.,//www.medicineindia.org/medicine-manufacturing-company/60/centaur-laboratories-p-ltd,24.95
KETOPATCH,//www.medicineindia.org/medicine-brand-details/11571/ketopatch,Emcure Pharmaceuticals Ltd.,//www.medicineindia.org/medicine-manufacturing-company/147/emcure-pharmaceuticals-ltd,19.00
KEFCHEK,//www.medicineindia.org/medicine-brand-details/4375/kefchek,Indoco Remedies Ltd.,//www.medicineindia.org/medicine-manufacturing-company/63/indoco-remedies-ltd,130.00
KEFTRAGARD,//www.medicineindia.org/medicine-brand-details/4305/keftragard,IPCA Laboratories Ltd.,//www.medicineindia.org/medicine-manufacturing-company/156/ipca-laboratories-ltd,40.00
KEFTRAGARD,//www.medicineindia.org/medicine-brand-details/4305/keftragard,IPCA Laboratories Ltd.,//www.medicineindia.org/medicine-manufacturing-company/156/ipca-laboratories-ltd,70.00
KABIKINASE,//www.medicineindia.org/medicine-brand-details/8574/kabikinase,Pharmacia India (P) Ltd.,//www.medicineindia.org/medicine-manufacturing-company/35/pharmacia-india-p-ltd,1927.80
KANAMAC,//www.medicineindia.org/medicine-brand-details/5526/kanamac,Macleods Pharmaceuticals Pvt. Ltd.,//www.medicineindia.org/medicine-manufacturing-company/85/macleods-pharmaceuticals-pvt-ltd,27.85
KEPHAZON,//www.medicineindia.org/medicine-brand-details/4347/kephazon,United Biotech,//www.medicineindia.org/medicine-manufacturing-company/49/united-biotech,272.00
KEPHAZON S,//www.medicineindia.org/medicine-brand-details/4376/kephazon-s,United Biotech,//www.medicineindia.org/medicine-manufacturing-company/49/united-biotech,272.00
KABIKINASE,//www.medicineindia.org/medicine-brand-details/8574/kabikinase,Pharmacia India (P) Ltd.,//www.medicineindia.org/medicine-manufacturing-company/35/pharmacia-india-p-ltd,3600.00
KEFTRAGARD,//www.medicineindia.org/medicine-brand-details/4305/keftragard,IPCA Laboratories Ltd.,//www.medicineindia.org/medicine-manufacturing-company/156/ipca-laboratories-ltd,105.00
KETAMAX,//www.medicineindia.org/medicine-brand-details/17108/ketamax,Troikaa Parenterals Ltd.,//www.medicineindia.org/medicine-manufacturing-company/104/troikaa-parenterals-ltd,15.00
KETAM,//www.medicineindia.org/medicine-brand-details/17107/ketam,Inca (Sun),//www.medicineindia.org/medicine-manufacturing-company/28/inca-sun,33.00
KETAJEX,//www.medicineindia.org/medicine-brand-details/17105/ketajex,Claris Life Sciences,//www.medicineindia.org/medicine-manufacturing-company/41/claris-life-sciences,45.00
KEMOPLAT,//www.medicineindia.org/medicine-brand-details/17010/kemoplat,Dabur Pharmaceuticals Ltd.,//www.medicineindia.org/medicine-manufacturing-company/237/dabur-pharmaceuticals-ltd,77.00
KEMOCARB,//www.medicineindia.org/medicine-brand-details/16994/kemocarb,Dabur Pharmaceuticals Ltd.,//www.medicineindia.org/medicine-manufacturing-company/237/dabur-pharmaceuticals-ltd,950.00
KD-UNASE,//www.medicineindia.org/medicine-brand-details/8589/kd-unase,VHB Life Sciences,//www.medicineindia.org/medicine-manufacturing-company/12/vhb-life-sciences,6520.00
KEPHAZON S,//www.medicineindia.org/medicine-brand-details/4376/kephazon-s,United Biotech,//www.medicineindia.org/medicine-manufacturing-company/49/united-biotech,445.00
KLOX,//www.medicineindia.org/medicine-brand-details/3087/klox,Lyka Hetro Labs. Ltd.,//www.medicineindia.org/medicine-manufacturing-company/84/lyka-hetro-labs-ltd,8.40
KEPARIN,//www.medicineindia.org/medicine-brand-details/463/keparin,VHB Life Sciences,//www.medicineindia.org/medicine-manufacturing-company/12/vhb-life-sciences,97.00
KD-UNASE,//www.medicineindia.org/medicine-brand-details/8589/kd-unase,VHB Life Sciences,//www.medicineindia.org/medicine-manufacturing-company/12/vhb-life-sciences,2290.00
KEMOCARB,//www.medicineindia.org/medicine-brand-details/16994/kemocarb,Dabur Pharmaceuticals Ltd.,//www.medicineindia.org/medicine-manufacturing-company/237/dabur-pharmaceuticals-ltd,2400.00
KETAMAX,//www.medicineindia.org/medicine-brand-details/17108/ketamax,Troikaa Parenterals Ltd.,//www.medicineindia.org/medicine-manufacturing-company/104/troikaa-parenterals-ltd,50.90
KETAM,//www.medicineindia.org/medicine-brand-details/17107/ketam,Inca (Sun),//www.medicineindia.org/medicine-manufacturing-company/28/inca-sun,62.50
KETAJEX,//www.medicineindia.org/medicine-brand-details/17105/ketajex,Claris Life Sciences,//www.medicineindia.org/medicine-manufacturing-company/41/claris-life-sciences,90.00
KETMIN,//www.medicineindia.org/medicine-brand-details/17111/ketmin,Themis Pharmaceuticals Ltd.,//www.medicineindia.org/medicine-manufacturing-company/205/themis-pharmaceuticals-ltd,22.43
KEMOPLAT,//www.medicineindia.org/medicine-brand-details/17010/kemoplat,Dabur Pharmaceuticals Ltd.,//www.medicineindia.org/medicine-manufacturing-company/237/dabur-pharmaceuticals-ltd,300.00
KLOX,//www.medicineindia.org/medicine-brand-details/3087/klox,Lyka Hetro Labs. Ltd.,//www.medicineindia.org/medicine-manufacturing-company/84/lyka-hetro-labs-ltd,10.00
KANAMAC,//www.medicineindia.org/medicine-brand-details/5526/kanamac,Macleods Pharmaceuticals Pvt. Ltd.,//www.medicineindia.org/medicine-manufacturing-company/85/macleods-pharmaceuticals-pvt-ltd,16.15
KETA,//www.medicineindia.org/medicine-brand-details/17104/keta,Samarth Pharma Pvt. Ltd.,//www.medicineindia.org/medicine-manufacturing-company/57/samarth-pharma-pvt-ltd,86.00
KEPARIN,//www.medicineindia.org/medicine-brand-details/463/keparin,VHB Life Sciences,//www.medicineindia.org/medicine-manufacturing-company/12/vhb-life-sciences,32.00
KD-UNASE,//www.medicineindia.org/medicine-brand-details/8589/kd-unase,VHB Life Sciences,//www.medicineindia.org/medicine-manufacturing-company/12/vhb-life-sciences,3560.00
KANAMAC,//www.medicineindia.org/medicine-brand-details/5526/kanamac,Macleods Pharmaceuticals Pvt. Ltd.,//www.medicineindia.org/medicine-manufacturing-company/85/macleods-pharmaceuticals-pvt-ltd,25.35
KEFSTAR,//www.medicineindia.org/medicine-brand-details/3962/kefstar,Wockhardt Ltd.,//www.medicineindia.org/medicine-manufacturing-company/13/wockhardt-ltd,95.00
KD-UNASE,//www.medicineindia.org/medicine-brand-details/8589/kd-unase,VHB Life Sciences,//www.medicineindia.org/medicine-manufacturing-company/12/vhb-life-sciences,4900.00
KLOXAMP,//www.medicineindia.org/medicine-brand-details/3168/kloxamp,Karnataka Antibiotics & Pharmaceuticals Ltd.,//www.medicineindia.org/medicine-manufacturing-company/228/karnataka-antibiotics-pharmaceuticals-ltd,12.81
